{
  "lex": {
    "precision": [
      0.9618181818181817,
      0.04685126809718228
    ],
    "recall": [
      1.0,
      0.0
    ],
    "f1": [
      0.9799498746867167,
      0.024607393902022236
    ],
    "auc": [
      0.9839743589743589,
      0.019653473995840897
    ]
  },
  "ml": {
    "precision": [
      0.7639743589743591,
      0.09776630887252952
    ],
    "recall": [
      1.0,
      0.0
    ],
    "f1": [
      0.8626874269894864,
      0.06338194380459151
    ],
    "auc": [
      0.9897863247863249,
      0.012567590654831642
    ]
  },
  "hyb": {
    "precision": [
      0.7347902097902098,
      0.06809569601190296
    ],
    "recall": [
      1.0,
      0.0
    ],
    "f1": [
      0.8453086044390392,
      0.046242004357205595
    ],
    "auc": [
      0.9839743589743589,
      0.019653473995840897
    ]
  },
  "notes": "Điền số (cột mean) vào bảng báo cáo; bạn có thể giữ phần ±std ở slide phụ lục."
}